sep=;
;Unit:C
;
24000732-COM5;2
Time stamp;24000732-Channel_01;24000732-Channel_02
 ;1;2
2025/11/12 15:37:14;22.2;11.2
2025/11/12 15:37:15;22.2;11.2
2025/11/12 15:37:16;22.3;11.2
2025/11/12 15:37:17;22.2;11.1
2025/11/12 15:37:18;22.2;11.0
2025/11/12 15:37:19;22.2;15.9
2025/11/12 15:37:20;22.2;16.0
2025/11/12 15:37:21;21.8;16.1
2025/11/12 15:37:22;21.3;17.4
2025/11/12 15:37:23;20.9;20.8
2025/11/12 15:37:24;19.9;23.1
2025/11/12 15:37:25;18.9;16.9
2025/11/12 15:37:26;18.0;-14.4
2025/11/12 15:37:27;16.9;-14.1
2025/11/12 15:37:28;16.0;-14.2
2025/11/12 15:37:29;15.0;-14.2
2025/11/12 15:37:30;14.6;-14.3
2025/11/12 15:37:31;13.6;-14.2
2025/11/12 15:37:32;12.4;-14.3
2025/11/12 15:37:33;11.3;-14.3
2025/11/12 15:37:34;10.4;-14.3
2025/11/12 15:37:35;9.2;-14.2
2025/11/12 15:37:36;8.3;-14.3
2025/11/12 15:37:37;7.5;-14.3
2025/11/12 15:37:38;6.7;-14.3
2025/11/12 15:37:39;6.4;-14.3
2025/11/12 15:37:40;5.6;-14.3
2025/11/12 15:37:41;4.9;-14.3
2025/11/12 15:37:42;4.2;-14.3
2025/11/12 15:37:43;3.6;-14.3
2025/11/12 15:37:44;3.0;-14.3
2025/11/12 15:37:45;2.3;-14.3
2025/11/12 15:37:46;1.7;-14.3
2025/11/12 15:37:47;1.4;-14.3
2025/11/12 15:37:48;0.8;-14.3
2025/11/12 15:37:49;0.1;-14.3
2025/11/12 15:37:50;-0.4;-14.3
2025/11/12 15:37:51;-0.9;-14.3
2025/11/12 15:37:52;-1.4;-14.3
2025/11/12 15:37:53;-1.8;-14.3
2025/11/12 15:37:54;-2.2;-14.4
2025/11/12 15:37:55;-2.6;-14.3
2025/11/12 15:37:56;-3.2;-14.3
2025/11/12 15:37:57;-3.5;-14.3
2025/11/12 15:37:58;-3.8;-14.3
2025/11/12 15:37:59;-4.2;-14.3
2025/11/12 15:38:00;-4.5;-14.3
2025/11/12 15:38:01;-4.8;-14.3
2025/11/12 15:38:02;-5.1;-14.3
2025/11/12 15:38:03;-5.3;-14.4
2025/11/12 15:38:04;-5.6;-14.3
2025/11/12 15:38:05;-5.9;-14.3
2025/11/12 15:38:06;-6.0;-14.3
2025/11/12 15:38:07;-6.3;-14.3
2025/11/12 15:38:08;-6.5;-14.3
2025/11/12 15:38:09;-6.7;-14.3
2025/11/12 15:38:10;-6.9;-14.3
2025/11/12 15:38:11;-7.2;-14.3
2025/11/12 15:38:12;-7.4;-14.4
2025/11/12 15:38:13;-7.6;-14.3
2025/11/12 15:38:14;-7.8;-14.4
2025/11/12 15:38:15;-7.8;-14.4
2025/11/12 15:38:16;-7.9;-14.3
2025/11/12 15:38:17;-8.0;-14.3
2025/11/12 15:38:18;-8.2;-14.4
2025/11/12 15:38:19;-8.3;-14.3
2025/11/12 15:38:20;-8.5;-14.3
2025/11/12 15:38:21;-8.5;-14.3
2025/11/12 15:38:22;-8.7;-14.3
2025/11/12 15:38:23;-8.9;-14.3
2025/11/12 15:38:24;-9.0;-14.3
2025/11/12 15:38:25;-9.2;-14.3
2025/11/12 15:38:26;-9.2;-14.3
2025/11/12 15:38:27;-9.3;-14.3
2025/11/12 15:38:28;-9.5;-14.3
2025/11/12 15:38:29;-9.5;-14.3
2025/11/12 15:38:30;-9.7;-14.3
2025/11/12 15:38:31;-9.7;-14.3
2025/11/12 15:38:32;-9.8;-14.3
2025/11/12 15:38:33;-10.0;-14.3
2025/11/12 15:38:34;-10.0;-14.3
2025/11/12 15:38:35;-10.1;-14.3
2025/11/12 15:38:36;-10.2;-14.3
2025/11/12 15:38:37;-10.3;-14.3
2025/11/12 15:38:38;-10.4;-14.3
2025/11/12 15:38:39;-10.5;-14.3
2025/11/12 15:38:40;-10.5;-14.3
2025/11/12 15:38:41;-10.6;-14.3
2025/11/12 15:38:42;-10.6;-14.3
2025/11/12 15:38:43;-10.7;-14.3
2025/11/12 15:38:44;-10.7;-14.3
2025/11/12 15:38:45;-10.8;-14.3
2025/11/12 15:38:46;0.2;-14.2
2025/11/12 15:38:47;0.2;-14.3
2025/11/12 15:38:48;0.2;-14.2
2025/11/12 15:38:49;0.2;-14.3
2025/11/12 15:38:50;0.2;-14.2
2025/11/12 15:38:51;0.2;-14.2
2025/11/12 15:38:52;0.3;-14.3
2025/11/12 15:38:53;0.2;-14.2
2025/11/12 15:38:54;0.2;-14.2
2025/11/12 15:38:55;0.3;-14.2
2025/11/12 15:38:56;0.2;-14.2
2025/11/12 15:38:57;0.2;-14.2
2025/11/12 15:38:58;0.2;-14.3
2025/11/12 15:38:59;0.2;-14.2
2025/11/12 15:39:00;0.2;-14.2
2025/11/12 15:39:01;0.3;-14.3
2025/11/12 15:39:02;0.2;-14.3
2025/11/12 15:39:03;0.2;-14.3
2025/11/12 15:39:04;0.2;-14.2
2025/11/12 15:39:05;0.2;-14.2
2025/11/12 15:39:06;0.3;-14.2
2025/11/12 15:39:07;0.2;-14.2
2025/11/12 15:39:08;0.2;-14.3
2025/11/12 15:39:09;0.2;-14.2
2025/11/12 15:39:10;0.2;-14.2
2025/11/12 15:39:11;0.2;-14.3
2025/11/12 15:39:12;0.3;-14.2
2025/11/12 15:39:13;0.2;-14.2
2025/11/12 15:39:14;0.2;-14.2
2025/11/12 15:39:15;0.3;-14.2
2025/11/12 15:39:16;0.3;-14.2
2025/11/12 15:39:17;0.2;-14.2
2025/11/12 15:39:18;0.2;-14.2
2025/11/12 15:39:19;0.2;-14.2
2025/11/12 15:39:20;0.2;-14.2
2025/11/12 15:39:21;0.2;-14.2
2025/11/12 15:39:22;0.2;-14.2
2025/11/12 15:39:23;0.2;-14.3
2025/11/12 15:39:24;0.2;-14.2
2025/11/12 15:39:25;0.3;-14.2
2025/11/12 15:39:26;0.2;-14.2
2025/11/12 15:39:27;0.2;-14.2
2025/11/12 15:39:28;0.2;-14.2
2025/11/12 15:39:29;0.2;-14.2
2025/11/12 15:39:30;0.2;-14.2
2025/11/12 15:39:31;0.2;-14.2
2025/11/12 15:39:32;0.2;-14.2
2025/11/12 15:39:33;0.2;-14.2
2025/11/12 15:39:34;0.2;-14.2
2025/11/12 15:39:35;0.2;-14.2
2025/11/12 15:39:36;0.2;-14.2
2025/11/12 15:39:37;0.2;-14.2
2025/11/12 15:39:38;0.2;-14.2
2025/11/12 15:39:39;0.2;-14.2
2025/11/12 15:39:40;0.2;-14.2
2025/11/12 15:39:41;0.2;-14.2
2025/11/12 15:39:42;0.2;-14.2
2025/11/12 15:39:43;0.2;-14.2
2025/11/12 15:39:44;0.2;-14.2
2025/11/12 15:39:45;0.2;-14.2
2025/11/12 15:39:46;0.2;-14.2
2025/11/12 15:39:47;0.2;-14.2
2025/11/12 15:39:48;0.2;-14.2
2025/11/12 15:39:49;0.3;-14.2
2025/11/12 15:39:50;0.2;-14.2
2025/11/12 15:39:51;0.2;-14.2
2025/11/12 15:39:52;0.2;-14.2
2025/11/12 15:39:53;0.2;-14.2
2025/11/12 15:39:54;0.2;-14.2
2025/11/12 15:39:55;0.2;-14.2
2025/11/12 15:39:56;0.3;-14.2
2025/11/12 15:39:57;0.3;-14.2
2025/11/12 15:39:58;0.3;-14.2
2025/11/12 15:39:59;0.2;-14.2
2025/11/12 15:40:00;0.2;-14.2
2025/11/12 15:40:01;0.2;-14.2
2025/11/12 15:40:02;0.2;-14.2
2025/11/12 15:40:03;0.2;-14.2
2025/11/12 15:40:04;0.2;-14.2
2025/11/12 15:40:05;0.1;-14.2
2025/11/12 15:40:06;0.2;-14.2
2025/11/12 15:40:07;0.2;-14.2
2025/11/12 15:40:08;0.1;-14.2
2025/11/12 15:40:09;0.1;-14.2
2025/11/12 15:40:10;0.1;-14.2
2025/11/12 15:40:11;0.0;-14.2
2025/11/12 15:40:12;0.0;-14.2
2025/11/12 15:40:13;0.0;-14.2
2025/11/12 15:40:14;-0.1;-14.2
2025/11/12 15:40:15;-0.1;-14.2
2025/11/12 15:40:16;-0.2;-14.2
2025/11/12 15:40:17;-0.2;-14.1
2025/11/12 15:40:18;-0.2;-14.2
2025/11/12 15:40:19;-0.2;-14.2
2025/11/12 15:40:20;-0.3;-14.2
2025/11/12 15:40:21;-0.4;-14.2
2025/11/12 15:40:22;-0.4;-14.2
2025/11/12 15:40:23;-0.4;-14.1
2025/11/12 15:40:24;-0.5;-14.2
2025/11/12 15:40:25;-0.5;-14.2
2025/11/12 15:40:26;-0.6;-14.2
2025/11/12 15:40:27;-0.7;-14.2
2025/11/12 15:40:28;-0.8;-14.2
2025/11/12 15:40:29;-0.8;-14.2
2025/11/12 15:40:30;-1.0;-14.2
2025/11/12 15:40:31;-1.0;-14.2
2025/11/12 15:40:32;-1.1;-14.2
2025/11/12 15:40:33;-1.2;-14.2
2025/11/12 15:40:34;-1.3;-14.2
2025/11/12 15:40:35;-1.5;-14.2
2025/11/12 15:40:36;-1.6;-14.2
2025/11/12 15:40:37;-1.8;-14.1
2025/11/12 15:40:38;-2.0;-14.2
2025/11/12 15:40:39;-2.2;-14.2
2025/11/12 15:40:40;-2.2;-14.2
2025/11/12 15:40:41;-3.2;-14.2
2025/11/12 15:40:42;-3.2;-14.2
2025/11/12 15:40:43;-3.6;-14.2
2025/11/12 15:40:44;-4.3;-14.2
2025/11/12 15:40:45;-4.8;-14.2
2025/11/12 15:40:46;-5.2;-14.2
2025/11/12 15:40:47;-5.6;-14.2
2025/11/12 15:40:48;-6.0;-14.2
2025/11/12 15:40:49;-6.4;-14.2
2025/11/12 15:40:50;-6.9;-14.2
2025/11/12 15:40:51;-7.3;-14.2
2025/11/12 15:40:52;-7.7;-14.2
2025/11/12 15:40:53;-8.0;-14.2
2025/11/12 15:40:54;-8.3;-14.2
2025/11/12 15:40:55;-8.6;-14.2
2025/11/12 15:40:56;-8.8;-14.2
2025/11/12 15:40:57;-9.1;-14.2
2025/11/12 15:40:58;-9.3;-14.2
2025/11/12 15:40:59;-9.5;-14.2
2025/11/12 15:41:00;-9.7;-14.2
2025/11/12 15:41:01;-9.8;-14.2
2025/11/12 15:41:02;-10.0;-14.2
2025/11/12 15:41:03;-10.2;-14.2
2025/11/12 15:41:04;-10.2;-14.2
2025/11/12 15:41:05;-10.5;-14.2
2025/11/12 15:41:06;-10.5;-14.2
2025/11/12 15:41:07;-10.7;-14.2
2025/11/12 15:41:08;-10.9;-14.2
2025/11/12 15:41:09;-11.0;-14.2
2025/11/12 15:41:10;-11.1;-14.2
2025/11/12 15:41:11;-11.2;-14.2
2025/11/12 15:41:12;-11.3;-14.2
2025/11/12 15:41:13;-11.4;-14.2
2025/11/12 15:41:14;-11.4;-14.2
2025/11/12 15:41:15;-11.5;-14.2
2025/11/12 15:41:16;-11.6;-14.2
2025/11/12 15:41:17;-11.6;-14.2
2025/11/12 15:41:18;-11.7;-14.2
2025/11/12 15:41:19;-11.8;-14.2
2025/11/12 15:41:20;-11.8;-14.2
2025/11/12 15:41:21;-11.9;-14.2
2025/11/12 15:41:22;-11.9;-14.2
2025/11/12 15:41:23;-12.0;-14.2
2025/11/12 15:41:24;-12.0;-14.2
2025/11/12 15:41:25;-12.0;-14.2
2025/11/12 15:41:26;-12.1;-14.2
2025/11/12 15:41:27;-12.1;-14.2
2025/11/12 15:41:28;-12.1;-14.2
2025/11/12 15:41:29;-12.2;-14.2
2025/11/12 15:41:30;-12.2;-14.2
2025/11/12 15:41:31;-12.3;-14.2
2025/11/12 15:41:32;-12.3;-14.2
2025/11/12 15:41:33;-12.3;-14.2
2025/11/12 15:41:34;-12.3;-14.2
2025/11/12 15:41:35;-12.4;-14.2
2025/11/12 15:41:36;-12.4;-14.2
2025/11/12 15:41:37;-12.5;-14.2
2025/11/12 15:41:38;-12.5;-14.2
2025/11/12 15:41:39;-12.5;-14.2
2025/11/12 15:41:40;-12.5;-14.2
2025/11/12 15:41:41;-12.5;-14.2
2025/11/12 15:41:42;-12.5;-14.2
2025/11/12 15:41:43;-12.6;-14.2
2025/11/12 15:41:44;-12.6;-14.2
2025/11/12 15:41:45;-12.6;-14.2
2025/11/12 15:41:46;-12.6;-14.2
2025/11/12 15:41:47;-12.6;-14.2
2025/11/12 15:41:48;-12.6;-14.2
2025/11/12 15:41:49;-12.6;-14.2
2025/11/12 15:41:50;-12.6;-14.2
2025/11/12 15:41:51;-12.6;-14.2
2025/11/12 15:41:52;-12.6;-14.1
2025/11/12 15:41:53;-12.7;-14.2
2025/11/12 15:41:54;-12.7;-14.2
2025/11/12 15:41:55;-12.7;-14.2
2025/11/12 15:41:56;-12.7;-14.2
2025/11/12 15:41:57;-12.7;-14.1
2025/11/12 15:41:58;-12.7;-14.1
2025/11/12 15:41:59;-12.7;-14.2
2025/11/12 15:42:00;-12.7;-14.2
2025/11/12 15:42:01;-12.7;-14.1
2025/11/12 15:42:02;-12.8;-14.2
2025/11/12 15:42:03;-12.8;-14.2
2025/11/12 15:42:04;-12.8;-14.2
2025/11/12 15:42:05;-12.8;-14.1
2025/11/12 15:42:06;-12.8;-14.2
2025/11/12 15:42:07;-12.8;-14.2
2025/11/12 15:42:08;-12.8;-14.2
2025/11/12 15:42:09;-12.8;-14.2
2025/11/12 15:42:10;-12.9;-14.1
2025/11/12 15:42:11;-12.8;-14.1
2025/11/12 15:42:12;-12.9;-14.1
2025/11/12 15:42:13;-12.8;-14.2
2025/11/12 15:42:14;-12.8;-14.2
2025/11/12 15:42:15;-12.9;-14.2
2025/11/12 15:42:16;-12.8;-14.2
2025/11/12 15:42:17;-12.9;-14.1
2025/11/12 15:42:18;-12.9;-14.2
2025/11/12 15:42:19;-12.9;-14.1
2025/11/12 15:42:20;-12.9;-14.2
2025/11/12 15:42:21;-12.9;-14.2
2025/11/12 15:42:22;-12.9;-14.2
2025/11/12 15:42:23;-12.9;-14.2
2025/11/12 15:42:24;-12.9;-14.2
2025/11/12 15:42:25;-12.9;-14.2
2025/11/12 15:42:26;-12.9;-14.2
2025/11/12 15:42:27;-12.9;-14.2
2025/11/12 15:42:28;-12.9;-14.2
2025/11/12 15:42:29;-12.9;-14.2
2025/11/12 15:42:30;-12.9;-14.2
2025/11/12 15:42:31;-12.9;-14.1
2025/11/12 15:42:32;-12.9;-14.1
2025/11/12 15:42:33;-12.9;-14.2
2025/11/12 15:42:34;-12.9;-14.2
2025/11/12 15:42:35;-13.0;-14.1
2025/11/12 15:42:36;-12.9;-14.1
2025/11/12 15:42:37;-12.9;-14.2
2025/11/12 15:42:38;-12.9;-14.2
2025/11/12 15:42:39;-12.9;-14.1
2025/11/12 15:42:40;-12.9;-14.1
2025/11/12 15:42:41;-12.9;-14.2
2025/11/12 15:42:42;-12.9;-14.2
2025/11/12 15:42:43;-12.9;-14.1
2025/11/12 15:42:44;-12.9;-14.1
2025/11/12 15:42:45;-13.0;-14.1
2025/11/12 15:42:46;-13.0;-14.1
2025/11/12 15:42:47;-13.0;-14.1
2025/11/12 15:42:48;-12.9;-14.2
2025/11/12 15:42:49;-12.9;-14.1
2025/11/12 15:42:50;-12.9;-14.1
2025/11/12 15:42:51;-12.9;-14.1
2025/11/12 15:42:52;-12.9;-14.2
2025/11/12 15:42:53;-12.9;-14.1
2025/11/12 15:42:54;-12.9;-14.2
2025/11/12 15:42:55;-12.9;-14.1
2025/11/12 15:42:56;-12.9;-14.1
2025/11/12 15:42:57;-12.9;-14.2
2025/11/12 15:42:58;-13.0;-14.1
2025/11/12 15:42:59;-13.0;-14.1
2025/11/12 15:43:00;-13.0;-14.2
2025/11/12 15:43:01;-13.0;-14.1
2025/11/12 15:43:02;-12.9;-14.1
2025/11/12 15:43:03;-12.9;-14.1
2025/11/12 15:43:04;-12.9;-14.2
2025/11/12 15:43:05;-12.9;-14.1
2025/11/12 15:43:06;-12.9;-14.1
2025/11/12 15:43:07;-12.9;-14.2
2025/11/12 15:43:08;-13.0;-14.1
2025/11/12 15:43:09;-12.9;-14.1
2025/11/12 15:43:10;-13.0;-14.1
2025/11/12 15:43:11;-12.9;-14.1
2025/11/12 15:43:12;-13.0;-14.1
2025/11/12 15:43:13;-12.9;-14.1
2025/11/12 15:43:14;-12.9;-14.1
2025/11/12 15:43:15;-13.0;-14.1
2025/11/12 15:43:16;-12.9;-14.1
2025/11/12 15:43:17;-12.9;-14.1
2025/11/12 15:43:18;-12.9;-14.1
2025/11/12 15:43:19;-13.0;-14.1
2025/11/12 15:43:20;-13.0;-14.1
2025/11/12 15:43:21;-12.9;-14.1
2025/11/12 15:43:22;-12.9;-14.1
2025/11/12 15:43:23;-12.9;-14.1
2025/11/12 15:43:24;-13.0;-14.1
2025/11/12 15:43:25;-13.0;-14.1
2025/11/12 15:43:26;-12.9;-14.1
2025/11/12 15:43:27;-12.9;-14.1
2025/11/12 15:43:28;-13.0;-14.1
2025/11/12 15:43:29;-12.9;-14.2
2025/11/12 15:43:30;-12.9;-14.1
2025/11/12 15:43:31;-13.0;-14.1
2025/11/12 15:43:32;-12.9;-14.1
2025/11/12 15:43:33;-12.9;-14.1
2025/11/12 15:43:34;-12.9;-14.1
2025/11/12 15:43:35;-12.9;-14.1
2025/11/12 15:43:36;-13.0;-14.1
2025/11/12 15:43:37;-12.9;-14.1
2025/11/12 15:43:38;-12.9;-14.1
2025/11/12 15:43:39;-12.9;-14.1
2025/11/12 15:43:40;-12.9;-14.1
2025/11/12 15:43:41;-12.9;-14.1
2025/11/12 15:43:42;-12.9;-14.1
2025/11/12 15:43:43;-12.9;-14.1
2025/11/12 15:43:44;-12.9;-14.1
2025/11/12 15:43:45;-12.9;-14.1
2025/11/12 15:43:46;-13.0;-14.1
2025/11/12 15:43:47;-12.9;-14.1
2025/11/12 15:43:48;-12.9;-14.1
2025/11/12 15:43:49;-12.9;-14.1
2025/11/12 15:43:50;-12.9;-14.1
2025/11/12 15:43:51;-12.9;-14.1
2025/11/12 15:43:52;-12.9;-14.1
2025/11/12 15:43:53;-12.9;-14.1
2025/11/12 15:43:54;-12.9;-14.1
2025/11/12 15:43:55;-12.9;-14.1
2025/11/12 15:43:56;-12.9;-14.1
2025/11/12 15:43:57;-12.9;-14.1
2025/11/12 15:43:58;-12.9;-14.1
2025/11/12 15:43:59;-13.0;-14.1
2025/11/12 15:44:00;-12.9;-14.1
2025/11/12 15:44:01;-12.9;-14.1
2025/11/12 15:44:02;-12.9;-14.1
2025/11/12 15:44:03;-12.9;-14.1
2025/11/12 15:44:04;-12.9;-14.1
2025/11/12 15:44:05;-12.9;-14.1
2025/11/12 15:44:06;-12.9;-14.0
2025/11/12 15:44:07;-12.9;-14.1
2025/11/12 15:44:08;-12.9;-14.1
2025/11/12 15:44:09;-12.9;-14.1
2025/11/12 15:44:10;-12.9;-14.1
2025/11/12 15:44:11;-12.9;-14.1
2025/11/12 15:44:12;-12.9;-14.1
2025/11/12 15:44:13;-12.9;-14.1
2025/11/12 15:44:14;-12.9;-14.1
2025/11/12 15:44:15;-12.9;-14.1
2025/11/12 15:44:16;-12.9;-14.1
2025/11/12 15:44:17;-12.9;-14.1
2025/11/12 15:44:18;-12.9;-14.1
2025/11/12 15:44:19;-12.9;-14.0
2025/11/12 15:44:20;-12.9;-14.1
2025/11/12 15:44:21;-12.9;-14.1
2025/11/12 15:44:22;-12.9;-14.1
2025/11/12 15:44:23;-12.9;-14.1
2025/11/12 15:44:24;-12.9;-14.1
2025/11/12 15:44:25;-12.9;-14.1
2025/11/12 15:44:26;-12.8;-14.1
2025/11/12 15:44:27;-12.9;-14.1
2025/11/12 15:44:28;-12.9;-14.1
2025/11/12 15:44:29;-12.9;-14.1
2025/11/12 15:44:30;-12.9;-14.1
2025/11/12 15:44:31;-12.9;-14.1
2025/11/12 15:44:32;-12.9;-14.1
2025/11/12 15:44:33;-12.9;-14.1
2025/11/12 15:44:34;-12.9;-14.1
2025/11/12 15:44:35;-12.9;-14.1
2025/11/12 15:44:36;-12.9;-14.1
2025/11/12 15:44:37;-12.9;-14.1
2025/11/12 15:44:38;-12.9;-14.1
2025/11/12 15:44:39;-12.9;-14.1
2025/11/12 15:44:40;-12.9;-14.1
2025/11/12 15:44:41;-12.9;-14.1
2025/11/12 15:44:42;-12.9;-14.0
2025/11/12 15:44:43;-12.9;-14.1
2025/11/12 15:44:44;-12.9;-14.0
2025/11/12 15:44:45;-12.9;-14.1
2025/11/12 15:44:46;-12.9;-14.1
2025/11/12 15:44:47;-12.9;-14.1
2025/11/12 15:44:48;-12.9;-14.1
2025/11/12 15:44:49;-12.9;-14.1
2025/11/12 15:44:50;-12.9;-14.1
2025/11/12 15:44:51;-12.8;-14.1
2025/11/12 15:44:52;-12.8;-14.0
2025/11/12 15:44:53;-12.8;-14.0
2025/11/12 15:44:54;-12.9;-14.1
2025/11/12 15:44:55;-12.9;-14.1
2025/11/12 15:44:56;-12.9;-14.0
2025/11/12 15:44:57;-12.9;-14.0
2025/11/12 15:44:58;-12.8;-14.0
2025/11/12 15:44:59;-12.9;-14.0
2025/11/12 15:45:00;-12.8;-14.1
2025/11/12 15:45:01;-12.8;-14.0
2025/11/12 15:45:02;-12.9;-14.0
2025/11/12 15:45:03;-12.8;-14.1
2025/11/12 15:45:04;-12.8;-14.1
2025/11/12 15:45:05;-12.8;-14.0
2025/11/12 15:45:06;-12.8;-14.0
2025/11/12 15:45:07;-12.8;-14.1
2025/11/12 15:45:08;-12.9;-14.0
2025/11/12 15:45:09;-12.8;-14.1
2025/11/12 15:45:10;-12.9;-14.0
2025/11/12 15:45:11;-12.8;-14.0
2025/11/12 15:45:12;-12.8;-14.0
2025/11/12 15:45:13;-12.9;-14.0
2025/11/12 15:45:14;-12.9;-14.1
2025/11/12 15:45:15;-12.8;-14.0
2025/11/12 15:45:16;-12.9;-14.0
2025/11/12 15:45:17;-12.8;-14.0
2025/11/12 15:45:18;-12.8;-14.0
2025/11/12 15:45:19;-12.8;-14.0
2025/11/12 15:45:20;-12.9;-14.0
2025/11/12 15:45:21;-12.8;-14.0
2025/11/12 15:45:22;-12.8;-10.4
2025/11/12 15:45:23;-12.8;-10.7
2025/11/12 15:45:24;-12.8;-5.3
2025/11/12 15:45:25;-12.8;-5.0
2025/11/12 15:45:26;-12.7;-4.7
2025/11/12 15:45:27;-12.7;-4.5
2025/11/12 15:45:28;-12.7;-1.8
2025/11/12 15:45:29;-12.5;-1.5
2025/11/12 15:45:30;-12.3;-1.7
2025/11/12 15:45:31;-12.2;-2.1
2025/11/12 15:45:32;-11.8;-3.4
2025/11/12 15:45:33;-11.5;-3.9
2025/11/12 15:45:34;-11.1;-4.1
2025/11/12 15:45:35;-10.8;-4.0
2025/11/12 15:45:36;-10.3;-3.7
2025/11/12 15:45:37;-9.9;-3.4
2025/11/12 15:45:38;-9.9;-3.4
2025/11/12 15:45:39;-9.5;-3.0
2025/11/12 15:45:40;-9.2;-3.4
2025/11/12 15:45:41;-8.9;-3.5
2025/11/12 15:45:42;-8.6;-3.5
2025/11/12 15:45:43;-8.4;-2.4
2025/11/12 15:45:44;-8.0;-1.6
2025/11/12 15:45:45;-7.8;-1.3
2025/11/12 15:45:46;-7.6;-1.2
2025/11/12 15:45:47;-7.4;-1.1
2025/11/12 15:45:48;-6.9;-0.8
2025/11/12 15:45:49;-6.1;-0.6
2025/11/12 15:45:50;-5.2;-0.7
2025/11/12 15:45:51;-4.5;-0.6
2025/11/12 15:45:52;-3.8;-0.6
2025/11/12 15:45:53;-3.3;-0.5
2025/11/12 15:45:54;-3.0;-0.5
2025/11/12 15:45:55;-2.7;2.0
2025/11/12 15:45:56;-2.4;5.1
2025/11/12 15:45:57;-2.3;6.1
2025/11/12 15:45:58;-2.2;6.2
2025/11/12 15:45:59;-2.0;6.6
2025/11/12 15:46:00;-1.9;6.7
2025/11/12 15:46:01;-1.8;7.0
2025/11/12 15:46:02;-1.8;6.7
2025/11/12 15:46:03;-1.6;6.5
2025/11/12 15:46:04;-1.5;6.5
2025/11/12 15:46:05;-1.4;10.2
2025/11/12 15:46:06;-1.3;11.8
2025/11/12 15:46:07;-1.3;12.0
2025/11/12 15:46:08;-1.1;12.3
2025/11/12 15:46:09;-1.1;12.5
2025/11/12 15:46:10;-1.1;12.7
2025/11/12 15:46:11;-1.1;12.7
2025/11/12 15:46:12;-1.0;12.9
2025/11/12 15:46:13;-1.0;12.9
2025/11/12 15:46:14;-1.0;12.9
2025/11/12 15:46:15;-0.9;13.1
2025/11/12 15:46:16;-0.9;13.1
2025/11/12 15:46:17;-0.7;13.0
2025/11/12 15:46:18;-0.7;13.0
2025/11/12 15:46:19;-0.7;13.0
2025/11/12 15:46:20;-0.7;12.9
2025/11/12 15:46:21;-0.7;13.0
2025/11/12 15:46:22;-0.6;13.0
2025/11/12 15:46:23;-0.6;12.8
2025/11/12 15:46:24;-0.6;12.8
2025/11/12 15:46:25;-0.6;12.8
2025/11/12 15:46:26;-0.5;12.9
2025/11/12 15:46:27;-0.5;12.9
2025/11/12 15:46:28;-0.5;12.9
2025/11/12 15:46:29;-0.5;13.0
2025/11/12 15:46:30;-0.4;13.2
2025/11/12 15:46:31;-0.4;13.1
2025/11/12 15:46:32;-0.4;13.2
2025/11/12 15:46:33;-0.4;13.1
2025/11/12 15:46:34;-0.4;13.0
2025/11/12 15:46:35;-0.4;13.0
2025/11/12 15:46:36;-0.4;13.0
2025/11/12 15:46:37;-0.4;13.0
2025/11/12 15:46:38;-0.4;13.0
2025/11/12 15:46:39;-0.3;13.0
2025/11/12 15:46:40;-0.4;13.3
2025/11/12 15:46:41;-0.3;13.4
2025/11/12 15:46:42;-0.3;13.5
2025/11/12 15:46:43;-0.3;13.3
2025/11/12 15:46:44;-0.3;13.4
2025/11/12 15:46:45;-0.3;13.3
2025/11/12 15:46:46;-0.3;13.2
2025/11/12 15:46:47;-0.3;13.2
2025/11/12 15:46:48;-0.3;13.3
2025/11/12 15:46:49;-0.3;13.3
2025/11/12 15:46:50;-0.3;13.3
2025/11/12 15:46:51;-0.3;13.2
2025/11/12 15:46:52;-0.3;13.2
2025/11/12 15:46:53;-0.3;13.3
2025/11/12 15:46:54;-0.3;13.3
2025/11/12 15:46:55;-0.3;13.3
2025/11/12 15:46:56;-0.3;13.3
2025/11/12 15:46:57;-0.2;13.4
2025/11/12 15:46:58;-0.2;13.5
2025/11/12 15:46:59;-0.2;13.4
2025/11/12 15:47:00;-0.2;13.4
2025/11/12 15:47:01;-0.2;13.4
2025/11/12 15:47:02;-0.2;13.5
2025/11/12 15:47:03;-0.2;13.4
2025/11/12 15:47:04;-0.2;13.5
2025/11/12 15:47:05;-0.2;13.4
2025/11/12 15:47:06;-0.2;13.3
2025/11/12 15:47:07;-0.2;13.2
2025/11/12 15:47:08;-0.2;13.2
2025/11/12 15:47:09;-0.2;13.2
2025/11/12 15:47:10;-0.2;13.2
2025/11/12 15:47:11;-0.2;13.1
2025/11/12 15:47:12;-0.2;13.4
2025/11/12 15:47:13;-0.2;13.4
2025/11/12 15:47:14;-0.2;13.3
2025/11/12 15:47:15;-0.2;13.5
2025/11/12 15:47:16;-0.1;13.5
2025/11/12 15:47:17;-0.1;13.5
2025/11/12 15:47:18;-0.2;13.7
2025/11/12 15:47:19;-0.2;10.2
2025/11/12 15:47:20;-0.2;-13.9
2025/11/12 15:47:21;-0.2;-14.0
2025/11/12 15:47:22;-0.2;-14.0
2025/11/12 15:47:23;-0.2;-14.0
2025/11/12 15:47:24;-0.2;-14.0
2025/11/12 15:47:25;-0.2;-14.0
2025/11/12 15:47:26;-0.2;-14.0
2025/11/12 15:47:27;-0.2;-14.0
2025/11/12 15:47:28;-0.2;-14.0
2025/11/12 15:47:29;-0.2;-14.0
2025/11/12 15:47:30;-0.2;-14.0
2025/11/12 15:47:31;-0.2;-14.0
2025/11/12 15:47:32;-0.1;-13.9
2025/11/12 15:47:33;-0.1;-14.0
2025/11/12 15:47:34;-0.2;-14.0
2025/11/12 15:47:35;-0.2;-14.0
2025/11/12 15:47:36;-0.2;-14.0
2025/11/12 15:47:37;-0.2;-14.0
2025/11/12 15:47:38;-0.1;-14.0
2025/11/12 15:47:39;-0.1;-14.0
2025/11/12 15:47:40;-0.1;-13.9
2025/11/12 15:47:41;-0.1;-14.0
2025/11/12 15:47:42;-0.2;-14.0
2025/11/12 15:47:43;-0.2;-14.0
2025/11/12 15:47:44;-0.1;-13.9
2025/11/12 15:47:45;-0.1;-14.0
2025/11/12 15:47:46;-0.1;-13.9
2025/11/12 15:47:47;-0.1;-14.0
2025/11/12 15:47:48;-0.1;-13.9
2025/11/12 15:47:49;-0.1;-14.0
2025/11/12 15:47:50;-0.1;-14.0
2025/11/12 15:47:51;-0.1;-13.9
2025/11/12 15:47:52;-0.1;-13.9
2025/11/12 15:47:53;-0.1;-14.0
2025/11/12 15:47:54;-0.1;-13.9
2025/11/12 15:47:55;-0.1;-14.0
2025/11/12 15:47:56;-0.1;-14.0
2025/11/12 15:47:57;-0.1;-13.9
2025/11/12 15:47:58;-0.1;-14.0
2025/11/12 15:47:59;-0.1;-14.0
2025/11/12 15:48:00;-0.1;-13.9
2025/11/12 15:48:01;-0.1;-13.9
2025/11/12 15:48:02;-0.1;-14.0
2025/11/12 15:48:03;-0.1;-14.0
2025/11/12 15:48:04;-0.1;-14.0
2025/11/12 15:48:05;-0.1;-14.0
2025/11/12 15:48:06;-0.1;-13.9
2025/11/12 15:48:07;-0.1;-13.9
2025/11/12 15:48:08;-0.1;-14.0
2025/11/12 15:48:09;-0.1;-13.9
2025/11/12 15:48:10;-0.1;-14.0
2025/11/12 15:48:11;-0.1;-13.9
2025/11/12 15:48:12;0.0;-13.9
2025/11/12 15:48:13;-0.1;-13.9
2025/11/12 15:48:14;0.0;-13.9
2025/11/12 15:48:15;-0.1;-13.9
2025/11/12 15:48:16;-0.1;-13.9
2025/11/12 15:48:17;-0.1;-13.9
2025/11/12 15:48:18;-0.1;-13.9
2025/11/12 15:48:19;-0.1;-14.0
2025/11/12 15:48:20;0.0;-13.9
2025/11/12 15:48:21;-0.1;-13.9
2025/11/12 15:48:22;0.0;-13.9
2025/11/12 15:48:23;0.0;-14.0
2025/11/12 15:48:24;0.0;-13.9
2025/11/12 15:48:25;0.0;-13.9
2025/11/12 15:48:26;0.0;-13.9
2025/11/12 15:48:27;-0.1;-14.0
2025/11/12 15:48:28;0.0;-13.9
2025/11/12 15:48:29;0.0;-13.9
2025/11/12 15:48:30;0.0;-13.9
2025/11/12 15:48:31;0.0;-13.9
2025/11/12 15:48:32;0.0;-13.9
2025/11/12 15:48:33;0.0;-13.9
2025/11/12 15:48:34;0.0;-13.9
2025/11/12 15:48:35;0.0;-13.9
2025/11/12 15:48:36;0.0;-14.0
2025/11/12 15:48:37;0.0;-13.9
2025/11/12 15:48:38;0.0;-13.9
2025/11/12 15:48:39;0.0;-13.9
2025/11/12 15:48:40;0.0;-13.9
2025/11/12 15:48:41;0.0;-13.9
2025/11/12 15:48:42;0.0;-13.9
2025/11/12 15:48:43;0.0;-13.9
2025/11/12 15:48:44;0.0;-13.9
2025/11/12 15:48:45;0.0;-13.9
2025/11/12 15:48:46;0.0;-13.9
2025/11/12 15:48:47;0.0;-13.9
2025/11/12 15:48:48;0.0;-13.9
2025/11/12 15:48:49;0.0;-13.9
2025/11/12 15:48:50;0.0;-13.9
2025/11/12 15:48:51;0.0;-13.9
2025/11/12 15:48:52;0.0;-13.9
2025/11/12 15:48:53;0.0;-13.9
2025/11/12 15:48:54;0.0;-13.9
2025/11/12 15:48:55;0.0;-13.9
2025/11/12 15:48:56;0.0;-13.9
2025/11/12 15:48:57;0.1;-13.9
2025/11/12 15:48:58;0.0;-13.8
2025/11/12 15:48:59;0.0;-13.9
2025/11/12 15:49:00;0.0;-13.9
2025/11/12 15:49:01;0.0;-13.9
2025/11/12 15:49:02;0.0;-13.9
2025/11/12 15:49:03;0.0;-13.9
2025/11/12 15:49:04;0.1;-13.9
2025/11/12 15:49:05;0.0;-13.9
2025/11/12 15:49:06;0.1;-13.9
2025/11/12 15:49:07;0.0;-13.9
2025/11/12 15:49:08;0.1;-13.9
2025/11/12 15:49:09;0.1;-13.9
2025/11/12 15:49:10;0.0;-13.9
2025/11/12 15:49:11;0.1;-13.9
2025/11/12 15:49:12;0.0;-13.9
2025/11/12 15:49:13;0.0;-13.9
2025/11/12 15:49:14;0.0;-13.9
2025/11/12 15:49:15;0.0;-13.9
2025/11/12 15:49:16;0.0;-13.9
2025/11/12 15:49:17;0.0;-13.9
2025/11/12 15:49:18;0.1;-13.9
2025/11/12 15:49:19;0.0;-13.9
2025/11/12 15:49:20;0.0;-13.9
2025/11/12 15:49:21;0.0;-13.9
2025/11/12 15:49:22;0.1;-13.9
2025/11/12 15:49:23;0.1;-13.9
2025/11/12 15:49:24;0.0;-13.8
2025/11/12 15:49:25;0.1;-13.9
2025/11/12 15:49:26;0.1;-13.9
2025/11/12 15:49:27;0.1;-13.9
2025/11/12 15:49:28;0.1;-13.9
2025/11/12 15:49:29;0.0;-13.9
2025/11/12 15:49:30;0.0;-13.9
2025/11/12 15:49:31;0.1;-13.9
2025/11/12 15:49:32;0.0;-13.9
2025/11/12 15:49:33;0.0;-13.8
2025/11/12 15:49:34;0.0;-13.9
2025/11/12 15:49:35;0.0;-13.9
2025/11/12 15:49:36;0.1;-13.9
2025/11/12 15:49:37;0.1;-13.9
2025/11/12 15:49:38;0.0;-13.9
2025/11/12 15:49:39;0.0;-13.9
2025/11/12 15:49:40;0.1;-13.9
2025/11/12 15:49:41;0.1;-13.9
2025/11/12 15:49:42;0.1;-13.9
2025/11/12 15:49:43;0.1;-13.9
2025/11/12 15:49:44;0.1;-13.9
2025/11/12 15:49:45;0.0;-13.9
2025/11/12 15:49:46;0.0;-13.9
2025/11/12 15:49:47;0.1;-13.9
2025/11/12 15:49:48;0.1;-13.9
2025/11/12 15:49:49;0.1;-13.9
2025/11/12 15:49:50;0.1;-13.9
2025/11/12 15:49:51;0.1;-13.9
2025/11/12 15:49:52;0.1;-13.9
2025/11/12 15:49:53;0.1;-13.9
2025/11/12 15:49:54;0.1;-13.9
2025/11/12 15:49:55;0.0;-13.9
2025/11/12 15:49:56;0.1;-13.9
2025/11/12 15:49:57;0.1;-13.8
2025/11/12 15:49:58;0.1;-13.9
2025/11/12 15:49:59;0.1;-13.9
2025/11/12 15:50:00;0.1;-13.9
2025/11/12 15:50:01;0.0;-13.9
2025/11/12 15:50:02;0.1;-13.9
2025/11/12 15:50:03;0.1;-13.9
2025/11/12 15:50:04;0.1;-13.9
2025/11/12 15:50:05;0.1;-13.9
2025/11/12 15:50:06;0.1;-13.9
2025/11/12 15:50:07;0.1;-13.8
2025/11/12 15:50:08;0.1;-13.8
2025/11/12 15:50:09;0.1;-13.8
2025/11/12 15:50:10;0.1;-13.8
2025/11/12 15:50:11;0.1;-13.9
2025/11/12 15:50:12;0.1;-13.8
2025/11/12 15:50:13;0.1;-13.9
2025/11/12 15:50:14;0.1;-13.8
2025/11/12 15:50:15;0.1;-13.9
2025/11/12 15:50:16;0.1;-13.9
2025/11/12 15:50:17;0.1;-13.9
2025/11/12 15:50:18;0.1;-13.9
2025/11/12 15:50:19;0.1;-13.8
2025/11/12 15:50:20;0.1;-13.9
2025/11/12 15:50:21;0.1;-13.9
2025/11/12 15:50:22;0.1;-13.9
2025/11/12 15:50:23;0.1;-13.9
2025/11/12 15:50:24;0.1;-13.9
2025/11/12 15:50:25;0.1;-13.8
2025/11/12 15:50:26;0.1;-13.9
2025/11/12 15:50:27;0.1;-13.8
2025/11/12 15:50:28;0.1;-13.9
2025/11/12 15:50:29;0.1;-13.8
2025/11/12 15:50:30;0.2;-13.9
2025/11/12 15:50:31;0.1;-13.9
2025/11/12 15:50:32;0.1;-13.8
2025/11/12 15:50:33;0.1;-13.8
2025/11/12 15:50:34;0.1;-13.8
2025/11/12 15:50:35;0.1;-13.8
2025/11/12 15:50:36;0.1;-13.8
2025/11/12 15:50:37;0.1;-13.9
2025/11/12 15:50:38;0.1;-13.9
2025/11/12 15:50:39;0.1;-13.8
2025/11/12 15:50:40;0.1;-13.8
2025/11/12 15:50:41;0.2;-13.8
2025/11/12 15:50:42;0.2;-13.8
2025/11/12 15:50:43;0.1;-13.8
2025/11/12 15:50:44;0.1;-13.9
2025/11/12 15:50:45;0.1;-13.8
2025/11/12 15:50:46;0.1;-13.8
2025/11/12 15:50:47;0.1;-13.8
2025/11/12 15:50:48;0.1;-13.8
2025/11/12 15:50:49;0.1;-13.9
2025/11/12 15:50:50;0.1;-13.8
2025/11/12 15:50:51;0.2;-13.9
2025/11/12 15:50:52;0.2;-13.8
2025/11/12 15:50:53;0.2;-13.9
2025/11/12 15:50:54;0.2;-13.8
2025/11/12 15:50:55;0.2;-13.8
2025/11/12 15:50:56;0.1;-13.9
2025/11/12 15:50:57;0.1;-13.9
2025/11/12 15:50:58;0.2;-13.8
2025/11/12 15:50:59;0.2;-13.8
2025/11/12 15:51:00;0.2;-13.8
2025/11/12 15:51:01;0.2;-13.8
2025/11/12 15:51:02;0.2;-13.8
2025/11/12 15:51:03;0.2;-13.9
2025/11/12 15:51:04;0.2;-13.8
2025/11/12 15:51:05;0.3;-13.8
2025/11/12 15:51:06;0.2;-13.8
2025/11/12 15:51:07;0.3;-13.8
2025/11/12 15:51:08;0.3;-13.8
2025/11/12 15:51:09;0.3;-13.8
2025/11/12 15:51:10;0.3;-13.8
2025/11/12 15:51:11;0.3;-13.8
2025/11/12 15:51:12;0.8;-13.8
2025/11/12 15:51:13;0.8;-13.8
2025/11/12 15:51:14;0.6;-13.8
2025/11/12 15:51:15;0.7;-13.8
2025/11/12 15:51:16;0.8;-13.8
2025/11/12 15:51:17;0.8;-13.9
2025/11/12 15:51:18;0.9;-13.8
2025/11/12 15:51:19;1.1;-13.8
2025/11/12 15:51:20;1.2;-13.8
2025/11/12 15:51:21;1.4;-13.8
2025/11/12 15:51:22;1.3;-13.8
2025/11/12 15:51:23;1.4;-13.8
2025/11/12 15:51:24;1.6;-13.8
2025/11/12 15:51:25;1.9;-13.8
2025/11/12 15:51:26;2.1;-13.8
2025/11/12 15:51:27;2.3;-13.8
2025/11/12 15:51:28;2.4;-13.8
2025/11/12 15:51:29;2.6;-13.8
2025/11/12 15:51:30;2.8;-13.8
2025/11/12 15:51:31;2.9;-13.8
2025/11/12 15:51:32;3.1;-13.8
2025/11/12 15:51:33;3.3;-13.8
2025/11/12 15:51:34;3.4;-13.8
2025/11/12 15:51:35;3.6;-13.7
2025/11/12 15:51:36;3.9;-13.7
2025/11/12 15:51:37;4.0;-13.8
2025/11/12 15:51:38;4.2;-13.8
2025/11/12 15:51:39;4.3;-13.8
2025/11/12 15:51:40;4.5;-13.7
2025/11/12 15:51:41;4.7;-13.8
2025/11/12 15:51:42;4.8;-13.8
2025/11/12 15:51:43;5.0;-13.8
2025/11/12 15:51:44;5.1;-13.8
2025/11/12 15:51:45;5.4;-13.7
2025/11/12 15:51:46;5.5;-13.7
2025/11/12 15:51:47;5.7;-13.8
2025/11/12 15:51:48;5.8;-13.8
2025/11/12 15:51:49;6.0;-13.7
2025/11/12 15:51:50;6.1;-13.8
2025/11/12 15:51:51;6.3;-13.7
2025/11/12 15:51:52;6.4;-13.7
2025/11/12 15:51:53;6.4;-13.7
2025/11/12 15:51:54;6.6;-13.8
2025/11/12 15:51:55;6.8;-13.7
2025/11/12 15:51:56;6.9;-13.7
2025/11/12 15:51:57;7.1;-13.7
2025/11/12 15:51:58;7.3;-13.7
2025/11/12 15:51:59;7.4;-13.8
2025/11/12 15:52:00;7.5;-13.7
2025/11/12 15:52:01;7.6;-13.7
2025/11/12 15:52:02;7.6;-13.7
2025/11/12 15:52:03;7.8;-13.7
2025/11/12 15:52:04;7.9;-13.7
2025/11/12 15:52:05;8.0;-13.7
2025/11/12 15:52:06;8.1;-13.7
2025/11/12 15:52:07;8.1;-13.7
2025/11/12 15:52:08;8.2;-13.7
2025/11/12 15:52:09;8.4;-13.7
2025/11/12 15:52:10;8.5;-13.7
2025/11/12 15:52:11;8.6;-13.7
2025/11/12 15:52:12;8.7;-13.7
2025/11/12 15:52:13;8.8;-13.7
2025/11/12 15:52:14;8.9;-13.7
2025/11/12 15:52:15;8.9;-13.7
2025/11/12 15:52:16;9.0;-13.7
2025/11/12 15:52:17;9.1;-13.7
2025/11/12 15:52:18;9.2;-13.7
2025/11/12 15:52:19;9.3;-13.7
2025/11/12 15:52:20;9.3;-13.7
2025/11/12 15:52:21;9.4;-13.7
2025/11/12 15:52:22;9.4;-13.7
2025/11/12 15:52:23;9.4;-13.7
2025/11/12 15:52:24;9.6;-13.7
2025/11/12 15:52:25;9.6;-13.7
2025/11/12 15:52:26;9.7;-13.7
2025/11/12 15:52:27;9.8;-13.7
2025/11/12 15:52:28;9.8;-13.7
2025/11/12 15:52:29;9.8;-13.7
2025/11/12 15:52:30;9.9;-13.7
2025/11/12 15:52:31;10.0;-13.7
2025/11/12 15:52:32;10.0;-13.7
2025/11/12 15:52:33;10.2;-13.7
2025/11/12 15:52:34;10.1;-13.7
2025/11/12 15:52:35;10.2;-13.7
2025/11/12 15:52:36;10.3;-13.7
2025/11/12 15:52:37;10.4;-13.7
2025/11/12 15:52:38;10.4;-13.7
2025/11/12 15:52:39;10.5;-13.7
2025/11/12 15:52:40;10.5;-13.7
2025/11/12 15:52:41;10.6;-13.7
2025/11/12 15:52:42;10.6;-13.7
2025/11/12 15:52:43;10.6;-13.7
2025/11/12 15:52:44;10.6;-13.7
2025/11/12 15:52:45;10.7;-13.7
2025/11/12 15:52:46;10.8;-13.7
2025/11/12 15:52:47;10.9;-13.6
2025/11/12 15:52:48;10.9;-13.7
2025/11/12 15:52:49;10.9;-13.7
2025/11/12 15:52:50;11.0;-13.7
2025/11/12 15:52:51;11.0;-13.7
2025/11/12 15:52:52;11.1;-13.7
2025/11/12 15:52:53;11.1;-13.7
2025/11/12 15:52:54;11.1;-13.7
2025/11/12 15:52:55;11.2;-13.7
2025/11/12 15:52:56;11.2;-13.7
2025/11/12 15:52:57;11.3;-13.7
2025/11/12 15:52:58;11.3;-13.7
2025/11/12 15:52:59;11.4;-13.7
2025/11/12 15:53:00;11.5;-13.7
2025/11/12 15:53:01;11.6;-13.7
2025/11/12 15:53:02;11.5;-13.7
2025/11/12 15:53:03;11.6;-13.7
2025/11/12 15:53:04;11.6;-13.7
2025/11/12 15:53:05;11.7;-13.7
2025/11/12 15:53:06;11.7;-13.6
2025/11/12 15:53:07;11.8;-13.6
2025/11/12 15:53:08;11.8;-13.6
2025/11/12 15:53:09;11.9;-13.6
2025/11/12 15:53:10;11.9;-13.6
2025/11/12 15:53:11;11.9;-13.6
2025/11/12 15:53:12;11.9;-13.7
2025/11/12 15:53:13;12.0;-13.6
2025/11/12 15:53:14;12.0;-13.6
2025/11/12 15:53:15;12.0;-13.6
2025/11/12 15:53:16;12.1;-13.7
2025/11/12 15:53:17;12.1;-13.6
2025/11/12 15:53:18;12.2;-13.7
2025/11/12 15:53:19;12.2;-13.7
2025/11/12 15:53:20;12.2;-13.6
2025/11/12 15:53:21;12.2;-13.7
2025/11/12 15:53:22;12.3;-13.6
2025/11/12 15:53:23;12.3;-13.7
2025/11/12 15:53:24;12.3;-13.7
2025/11/12 15:53:25;12.4;-13.6
2025/11/12 15:53:26;12.4;-13.7
2025/11/12 15:53:27;12.5;-13.7
2025/11/12 15:53:28;12.5;-13.7
2025/11/12 15:53:29;12.5;-13.6
2025/11/12 15:53:30;12.5;-13.6
2025/11/12 15:53:31;12.5;-13.7
2025/11/12 15:53:32;12.6;-13.6
2025/11/12 15:53:33;12.6;-13.7
2025/11/12 15:53:34;12.7;-13.6
2025/11/12 15:53:35;12.7;-13.6
2025/11/12 15:53:36;12.7;-13.6
2025/11/12 15:53:37;12.8;-13.6
2025/11/12 15:53:38;12.8;-13.6
2025/11/12 15:53:39;12.8;-13.6
2025/11/12 15:53:40;12.8;-13.7
2025/11/12 15:53:41;12.9;-13.6
2025/11/12 15:53:42;12.9;-13.6
2025/11/12 15:53:43;12.9;-13.6
2025/11/12 15:53:44;12.9;-13.6
2025/11/12 15:53:45;13.0;-13.6
2025/11/12 15:53:46;13.0;-13.6
2025/11/12 15:53:47;13.1;-13.6
2025/11/12 15:53:48;13.1;-13.6
2025/11/12 15:53:49;13.1;-13.6
2025/11/12 15:53:50;13.1;-13.6
2025/11/12 15:53:51;13.1;-13.6
2025/11/12 15:53:52;13.1;-13.7
2025/11/12 15:53:53;13.2;-13.6
2025/11/12 15:53:54;13.2;-13.6
2025/11/12 15:53:55;13.2;-13.6
2025/11/12 15:53:56;13.2;-13.6
2025/11/12 15:53:57;13.3;-13.6
2025/11/12 15:53:58;13.3;-13.6
2025/11/12 15:53:59;13.3;-13.6
2025/11/12 15:54:00;13.4;-13.6
2025/11/12 15:54:01;13.4;-13.6
2025/11/12 15:54:02;13.4;-13.6
2025/11/12 15:54:03;13.4;-13.5
2025/11/12 15:54:04;13.4;-13.6
2025/11/12 15:54:05;13.4;-13.6
2025/11/12 15:54:06;13.5;-13.6
2025/11/12 15:54:07;13.5;-13.6
2025/11/12 15:54:08;13.5;-13.6
2025/11/12 15:54:09;13.5;-13.6
2025/11/12 15:54:10;13.5;-13.6
2025/11/12 15:54:11;13.6;-13.6
2025/11/12 15:54:12;13.6;-13.6
2025/11/12 15:54:13;13.6;-13.6
2025/11/12 15:54:14;13.6;-13.6
2025/11/12 15:54:15;13.6;-13.6
2025/11/12 15:54:16;13.6;-13.6
2025/11/12 15:54:17;13.7;-13.6
2025/11/12 15:54:18;13.7;-13.6
2025/11/12 15:54:19;13.7;-13.6
2025/11/12 15:54:20;13.7;-13.6
2025/11/12 15:54:21;13.6;-13.6
2025/11/12 15:54:22;13.7;-13.6
2025/11/12 15:54:23;13.8;-13.6
2025/11/12 15:54:24;13.8;-13.6
2025/11/12 15:54:25;13.8;-13.6
2025/11/12 15:54:26;13.8;-13.6
2025/11/12 15:54:27;13.8;-13.6
2025/11/12 15:54:28;13.9;-13.6
2025/11/12 15:54:29;13.9;-13.6
2025/11/12 15:54:30;13.9;-13.6
2025/11/12 15:54:31;13.9;-13.6
2025/11/12 15:54:32;13.9;-13.6
2025/11/12 15:54:33;14.0;-13.6
2025/11/12 15:54:34;14.0;-13.6
2025/11/12 15:54:35;14.0;-13.6
2025/11/12 15:54:36;14.0;-13.5
2025/11/12 15:54:37;14.0;-13.6
2025/11/12 15:54:38;14.0;-13.6
2025/11/12 15:54:39;14.0;-13.6
2025/11/12 15:54:40;14.0;-13.6
2025/11/12 15:54:41;14.1;-13.6
2025/11/12 15:54:42;14.1;-13.6
2025/11/12 15:54:43;14.1;-13.6
2025/11/12 15:54:44;14.1;-13.6
2025/11/12 15:54:45;14.1;-13.6
2025/11/12 15:54:46;14.1;-13.6
2025/11/12 15:54:47;14.2;-13.6
2025/11/12 15:54:48;14.2;-13.6
2025/11/12 15:54:49;14.2;-13.5
2025/11/12 15:54:50;14.2;-13.6
2025/11/12 15:54:51;14.2;-13.6
2025/11/12 15:54:52;14.3;-13.6
2025/11/12 15:54:53;14.3;-13.5
2025/11/12 15:54:54;14.3;-13.6
2025/11/12 15:54:55;14.3;-13.5
2025/11/12 15:54:56;14.3;-13.6
2025/11/12 15:54:57;14.3;-13.6
2025/11/12 15:54:58;14.3;-13.5
2025/11/12 15:54:59;14.3;-13.6
2025/11/12 15:55:00;14.4;-13.5
2025/11/12 15:55:01;14.3;-13.6
2025/11/12 15:55:02;14.4;-13.5
2025/11/12 15:55:03;14.4;-13.6
2025/11/12 15:55:04;14.4;-13.6
2025/11/12 15:55:05;14.5;-13.5
2025/11/12 15:55:06;14.5;-13.5
2025/11/12 15:55:07;14.5;-13.5
2025/11/12 15:55:08;14.5;-13.6
2025/11/12 15:55:09;14.5;-13.6
2025/11/12 15:55:10;14.6;-13.6
2025/11/12 15:55:11;14.6;-13.6
2025/11/12 15:55:12;14.6;-13.6
2025/11/12 15:55:13;14.6;-13.5
2025/11/12 15:55:14;14.6;-13.5
2025/11/12 15:55:15;14.6;-13.5
2025/11/12 15:55:16;14.7;-13.5
2025/11/12 15:55:17;14.6;-13.5
2025/11/12 15:55:18;14.7;-13.6
2025/11/12 15:55:19;14.7;-13.6
2025/11/12 15:55:20;14.7;-13.6
2025/11/12 15:55:21;14.7;-13.5
2025/11/12 15:55:22;14.7;-13.5
2025/11/12 15:55:23;14.7;-13.6
2025/11/12 15:55:24;14.7;-13.5
2025/11/12 15:55:25;14.7;-13.5
2025/11/12 15:55:26;14.8;-13.6
2025/11/12 15:55:27;14.8;-13.5
2025/11/12 15:55:28;14.8;-13.5
2025/11/12 15:55:29;14.8;-13.6
2025/11/12 15:55:30;14.8;-13.6
2025/11/12 15:55:31;14.8;-13.5
2025/11/12 15:55:32;14.8;-13.5
2025/11/12 15:55:33;14.8;-13.5
2025/11/12 15:55:34;14.9;-13.6
2025/11/12 15:55:35;14.9;-13.6
2025/11/12 15:55:36;14.9;-13.5
2025/11/12 15:55:37;14.9;-13.6
2025/11/12 15:55:38;14.9;-13.5
2025/11/12 15:55:39;14.9;-13.5
2025/11/12 15:55:40;14.9;-13.5
2025/11/12 15:55:41;14.9;-13.5
2025/11/12 15:55:42;15.0;-13.5
2025/11/12 15:55:43;15.0;-13.5
2025/11/12 15:55:44;15.0;-13.5
2025/11/12 15:55:45;15.0;-13.5
2025/11/12 15:55:46;15.0;-13.5
2025/11/12 15:55:47;15.0;-13.5
2025/11/12 15:55:48;15.1;-13.5
2025/11/12 15:55:49;15.0;-13.6
2025/11/12 15:55:50;15.1;-13.5
2025/11/12 15:55:51;15.1;-13.5
2025/11/12 15:55:52;15.1;-13.5
2025/11/12 15:55:53;15.1;-13.5
2025/11/12 15:55:54;15.1;-13.5
2025/11/12 15:55:55;15.1;-13.5
2025/11/12 15:55:56;15.1;-13.5
